INSERT INTO PUBLIC.ARTIST (ID, ADDRESS, ALIAS, EMAIL, PHOTO, USERNAME) VALUES (1, null, null, 'svet@gmail.com', null, 'sveta');

INSERT INTO PUBLIC.FOLLOWER (ID, ADDRESS, EMAIL, USERNAME) VALUES (2, null, 'ksu@gmail.com', 'ksusha');

INSERT INTO PUBLIC.ACCOUNT (ID, ACTIVE, PASSWORD, PERMISSION, ROLE, STATUS, USERNAME, ARTIST_ID, FOLLOWER_ID) VALUES (1, 1, '$2a$10$Abb1akqt8xfFZ2zHT6XzdOKV/bChpRFR2I3WASxtLB32UPKE/aRlG', '', 'ARTIST', true, 'sveta', 1, null);
INSERT INTO PUBLIC.ACCOUNT (ID, ACTIVE, PASSWORD, PERMISSION, ROLE, STATUS, USERNAME, ARTIST_ID, FOLLOWER_ID) VALUES (34, 1, '$2a$10$tajN/S2BhqIL2tbt1sh8KuW.YVgVjac.kNCnvCoF6vFC7c9gb3IuS', '', 'FOLLOWER', true, 'ksusha', null, 2);

INSERT INTO PUBLIC.PLAYLIST (ID, PLAYLIST_NAME, ARTIST_ID, FOLLOWER_ID) VALUES (1, 'my songs', 1, null);
INSERT INTO PUBLIC.PLAYLIST (ID, PLAYLIST_NAME, ARTIST_ID, FOLLOWER_ID) VALUES (2, 'sad songs', 1, null);
INSERT INTO PUBLIC.PLAYLIST (ID, PLAYLIST_NAME, ARTIST_ID, FOLLOWER_ID) VALUES (3, 'favorite', null, 2);
INSERT INTO PUBLIC.PLAYLIST (ID, PLAYLIST_NAME, ARTIST_ID, FOLLOWER_ID) VALUES (4, 'lofi', null, 2);

INSERT INTO PUBLIC.SONG (ID, PHOTO, SONG_NAME, PLAYLIST_ID) VALUES (1, null, 'mirror', 1);
INSERT INTO PUBLIC.SONG (ID, PHOTO, SONG_NAME, PLAYLIST_ID) VALUES (2, null, 'echoes', 1);
INSERT INTO PUBLIC.SONG (ID, PHOTO, SONG_NAME, PLAYLIST_ID) VALUES (3, null, 'everest', 1);
INSERT INTO PUBLIC.SONG (ID, PHOTO, SONG_NAME, PLAYLIST_ID) VALUES (4, null, 'notebook', 1);
INSERT INTO PUBLIC.SONG (ID, PHOTO, SONG_NAME, PLAYLIST_ID) VALUES (5, null, 'kingslayer', 1);
INSERT INTO PUBLIC.SONG (ID, PHOTO, SONG_NAME, PLAYLIST_ID) VALUES (6, null, 'scars', 3);
INSERT INTO PUBLIC.SONG (ID, PHOTO, SONG_NAME, PLAYLIST_ID) VALUES (7, null, 'erase', 3);
INSERT INTO PUBLIC.SONG (ID, PHOTO, SONG_NAME, PLAYLIST_ID) VALUES (8, null, 'paralyzed', 3);

INSERT INTO PUBLIC.SONG_ARTIST (ARTIST_ID, SONG_ID) VALUES (1, 1);
INSERT INTO PUBLIC.SONG_ARTIST (ARTIST_ID, SONG_ID) VALUES (1, 2);
INSERT INTO PUBLIC.SONG_ARTIST (ARTIST_ID, SONG_ID) VALUES (1, 3);
INSERT INTO PUBLIC.SONG_ARTIST (ARTIST_ID, SONG_ID) VALUES (1, 4);
INSERT INTO PUBLIC.SONG_ARTIST (ARTIST_ID, SONG_ID) VALUES (1, 5);
